beneficiary_id,first_name,last_name,middle_initial,dob,address_street,barangay,city,dafac_id,family_size
B-1001,Juan,Dela Cruz,M,1985-04-12,145 A. Mabini St,Barangay 628,Manila,DFC-2026-901,4
B-1002,Jhon,Dela Cruz,M,1985-04-12,145 A Mabini St,Brgy 628,Manila,DFC-2026-901,4
B-1003,Maria,Santos,P,1990-11-23,880 Teresa St,Barangay 630,Manila,DFC-2026-902,3
B-1004,Santos,Maria,P,1990-11-23,880 Teresa Street,Barangay 630,Manila,DFC-2026-902,3
B-1005,Ricardo,Reyes,T,1978-02-15,45 P. Florentino,Barangay 628,Manila,DFC-2026-903,5
B-1006,Riccardo,Reyes,T,1978-02-15,45 P Florentino,Barangay 630,Manila,DFC-2026-908,5
B-1007,Lourdes,Bautista,V,1965-08-09,920 Ramon Magsaysay Blvd,Barangay 630,Manila,DFC-2026-904,2
B-1008,Mark,Villanueva,C,1995-01-30,1204 Old Sta. Mesa,Barangay 598,Manila,DFC-2026-905,1
B-1009,Mark,Villanueva,C,1995-01-30,1204 Old Sta. Mesa,Brgy 598,Manila,DFC-2026-905,1
B-1010,Elena,Garcia,R,1982-07-04,330 Pureza St,Barangay 628,Manila,DFC-2026-906,6
